,ID,Model 2: pIC50 (SIRT2),Probability of SIRT2 activity,Probability of Model 3 SIRT2/1 selectivity,Probability of Model 4 SIRT2/3 selectivity
0,ID_0,0.48635593,0.8953499326230026,0.8452048012057237,0.0003322455
1,ID_1,0.5288691,0.6228016105779358,0.4611944567565248,7.5043245e-06
2,ID_2,0.43237948,0.3834004346356243,0.7593913252622239,0.9999894
